{"sidebar-1":{"search-2":{"title":""},"recent-posts-2":{"title":"","number":5},"recent-comments-2":{"title":"","number":5},"archives-2":{"title":"","count":0,"dropdown":0},"categories-2":{"title":"","count":0,"hierarchical":0,"dropdown":0},"meta-2":{"title":""}},"footer-sidebar-1":{"text-3":{"title":"ABOUT UNAPP","text":"Far from the countries Vokalia and Consonantia, there live the blind texts. Separated they live in Bookmarksgrove right at the coast of the Semantics\r\n","filter":true,"visual":true}},"footer-sidebar-2":{"nav_menu-3":{"title":"INFORMATION","nav_menu":2}},"footer-sidebar-3":{"unapp_recent_post-3":[]},"footer-sidebar-4":{"text-5":{"title":"CONTACT INFO","text":"<ul class=\"colorlib-footer-links\">\r\n<li>291 South 21th Street, <br> Suite 721 New York NY 10016<\/li>\r\n<li><a href=\"tel:\/\/1234567920\"><i class=\"icon-phone\"><\/i> + 1235 2355 98<\/a><\/li>\r\n<li><a href=\"mailto:info@yoursite.com\"><i class=\"icon-envelope\"><\/i> info@yoursite.com<\/a><\/li>\r\n<li><a href=\"#\"><i class=\"icon-location4\"><\/i> yourwebsite.com<\/a><\/li>\r\n<\/ul>","filter":true,"visual":true}}}